timestamp,m_machines,n_jobs,budget_multiplier,budget,repetition,seed,ceiling_status,ceiling_nodes,ceiling_time,ceiling_initial,ceiling_final,ceiling_improvement,maxlpt_status,maxlpt_nodes,maxlpt_time,maxlpt_initial,maxlpt_final,maxlpt_improvement
2026-03-07 17:22:11,2,4,2.5,246.00,1,3402713787,optimal,0,0.0050,264.0,264.0,0.0000,optimal,0,0.0030,264.0,264.0,0.0000
2026-03-07 17:22:11,2,4,2.5,253.00,2,775284621,optimal,0,0.0030,348.0,348.0,0.0000,optimal,0,0.0030,348.0,348.0,0.0000
2026-03-07 17:22:11,2,4,2.5,221.00,3,394677990,optimal,0,0.0010,102.0,102.0,0.0000,optimal,0,0.0030,102.0,102.0,0.0000
2026-03-07 17:22:11,2,4,2.5,375.00,4,2161555007,optimal,0,0.0020,111.0,111.0,0.0000,optimal,0,0.0030,111.0,111.0,0.0000
2026-03-07 17:22:11,2,4,2.5,307.00,5,3829093137,optimal,0,0.0020,98.0,98.0,0.0000,optimal,0,0.0030,98.0,98.0,0.0000
2026-03-07 17:22:11,2,8,2.5,246.00,1,1489091421,optimal,0,0.0040,440.0,440.0,0.0000,optimal,0,0.0070,440.0,440.0,0.0000
2026-03-07 17:22:11,2,8,2.5,338.00,2,3156629551,optimal,0,0.0030,240.0,240.0,0.0000,optimal,0,0.0080,240.0,240.0,0.0000
2026-03-07 17:22:11,2,8,2.5,190.00,3,2776022920,optimal,0,0.0030,230.0,230.0,0.0000,optimal,0,0.0060,230.0,230.0,0.0000
2026-03-07 17:22:11,2,8,2.5,279.00,4,148593754,completed,123,0.0080,205.0,210.0,-5.0000,completed,77,0.0100,205.0,210.0,-5.0000
2026-03-07 17:22:11,2,8,2.5,200.00,5,1915470771,optimal,0,0.0020,248.0,248.0,0.0000,optimal,0,0.0060,248.0,248.0,0.0000
2026-03-07 17:22:11,2,12,2.5,284.00,1,2899541030,optimal,0,0.0030,175.0,175.0,0.0000,optimal,0,0.0110,175.0,175.0,0.0000
2026-03-07 17:22:11,2,12,2.5,325.00,2,2419595512,optimal,0,0.0040,450.0,450.0,0.0000,optimal,0,0.0170,450.0,450.0,0.0000
2026-03-07 17:22:11,2,12,2.5,236.00,3,2038988881,optimal,0,0.0030,115.0,115.0,0.0000,optimal,0,0.0100,115.0,115.0,0.0000
2026-03-07 17:22:11,2,12,2.5,277.00,4,1658382250,optimal,0,0.0030,468.0,468.0,0.0000,optimal,0,0.0150,468.0,468.0,0.0000
2026-03-07 17:22:11,2,12,2.5,244.00,5,3325920380,optimal,0,0.0030,276.0,276.0,0.0000,optimal,0,0.0090,276.0,276.0,0.0000
2026-03-07 17:22:11,2,16,2.5,314.00,1,3457051776,optimal,0,0.0050,405.0,405.0,0.0000,optimal,0,0.0265,405.0,405.0,0.0000
2026-03-07 17:22:11,2,16,2.5,325.00,2,3076445145,optimal,0,0.0050,544.0,544.0,0.0000,optimal,0,0.0320,544.0,544.0,0.0000
2026-03-07 17:22:11,2,16,2.5,265.00,3,2695838514,optimal,0,0.0040,340.0,340.0,0.0000,optimal,0,0.0200,340.0,340.0,0.0000
2026-03-07 17:22:11,2,16,2.5,258.00,4,2215892996,optimal,0,0.0040,432.0,432.0,0.0000,optimal,0,0.0235,432.0,432.0,0.0000
2026-03-07 17:22:11,2,16,2.5,341.00,5,1835286365,optimal,0,0.0040,300.0,300.0,0.0000,optimal,0,0.0240,300.0,300.0,0.0000
2026-03-07 17:22:11,2,20,2.5,300.00,1,4274752094,completed,214,0.0130,390.0,390.0,0.0000,completed,147,0.0485,390.0,390.0,0.0000
2026-03-07 17:22:12,2,20,2.5,241.00,2,1746661815,optimal,0,0.0050,418.0,418.0,0.0000,optimal,0,0.0300,418.0,418.0,0.0000
2026-03-07 17:22:12,2,20,2.5,268.00,3,3414199945,optimal,0,0.0040,470.0,470.0,0.0000,optimal,0,0.0290,470.0,470.0,0.0000
2026-03-07 17:22:12,2,20,2.5,288.00,4,3033593314,completed,1369,0.0220,351.0,358.0,-7.0000,completed,553,0.0525,351.0,358.0,-7.0000
2026-03-07 17:22:12,2,20,2.5,299.00,5,406164148,optimal,0,0.0050,405.0,405.0,0.0000,optimal,0,0.0325,405.0,405.0,0.0000
2026-03-07 17:22:12,2,24,2.5,261.00,1,2784118079,completed,1750,0.0495,349.0,360.0,-11.0000,completed,457,0.0820,349.0,360.0,-11.0000
2026-03-07 17:22:12,2,24,2.5,288.00,2,156688913,optimal,0,0.0050,272.0,272.0,0.0000,optimal,0,0.0400,272.0,272.0,0.0000
2026-03-07 17:22:12,2,24,2.5,256.00,3,4071049578,optimal,0,0.0050,288.0,288.0,0.0000,optimal,0,0.0407,288.0,288.0,0.0000
2026-03-07 17:22:12,2,24,2.5,266.00,4,1443620412,optimal,0,0.0050,280.0,280.0,0.0000,optimal,0,0.0480,280.0,280.0,0.0000
2026-03-07 17:22:12,2,24,2.5,272.00,5,3210497429,optimal,0,0.0060,504.0,504.0,0.0000,optimal,0,0.0505,504.0,504.0,0.0000
2026-03-07 17:22:12,4,4,2.5,477.00,1,672497000,optimal,0,0.0060,140.0,140.0,0.0000,optimal,0,0.0090,140.0,140.0,0.0000
2026-03-07 17:22:12,4,4,2.5,622.00,2,291890369,optimal,0,0.0080,470.0,470.0,0.0000,optimal,0,0.0110,470.0,470.0,0.0000
2026-03-07 17:22:12,4,4,2.5,527.00,3,1959428499,optimal,0,0.0040,120.0,120.0,0.0000,optimal,0,0.0070,120.0,120.0,0.0000
2026-03-07 17:22:12,4,4,2.5,562.00,4,3726305516,optimal,0,0.0040,144.0,144.0,0.0000,optimal,0,0.0065,144.0,144.0,0.0000
2026-03-07 17:22:12,4,4,2.5,540.00,5,1098876350,optimal,0,0.0070,300.0,300.0,0.0000,optimal,0,0.0130,300.0,300.0,0.0000
2026-03-07 17:22:12,4,8,2.5,667.00,1,4057100778,optimal,0,0.0085,186.0,186.0,0.0000,optimal,0,0.0210,186.0,186.0,0.0000
2026-03-07 17:22:12,4,8,2.5,620.00,2,3676494147,optimal,0,0.0100,273.0,273.0,0.0000,optimal,0,0.0350,273.0,273.0,0.0000
2026-03-07 17:22:12,4,8,2.5,662.00,3,1049064981,optimal,0,0.0080,210.0,210.0,0.0000,optimal,0,0.0222,210.0,210.0,0.0000
2026-03-07 17:22:12,4,8,2.5,602.00,4,2815941998,optimal,0,0.0080,387.0,387.0,0.0000,optimal,0,0.0240,387.0,387.0,0.0000
2026-03-07 17:22:12,4,8,2.5,491.00,5,2435335367,optimal,0,0.0080,272.0,272.0,0.0000,optimal,0,0.0230,272.0,272.0,0.0000
2026-03-07 17:22:12,4,12,2.5,556.00,1,418983115,optimal,0,0.0090,184.0,184.0,0.0000,optimal,0,0.0395,184.0,184.0,0.0000
2026-03-07 17:22:12,4,12,2.5,506.00,2,4234004893,optimal,0,0.0080,250.0,250.0,0.0000,optimal,0,0.0380,250.0,250.0,0.0000
2026-03-07 17:22:13,4,12,2.5,536.00,3,3853398262,completed,11706,0.4621,289.0,297.0,-8.0000,completed,1473,0.3205,289.0,297.0,-8.0000
2026-03-07 17:22:15,4,12,2.5,582.00,4,3472791631,completed,11405,1.1329,267.0,274.0,-7.0000,completed,1227,0.6696,267.0,274.0,-7.0000
2026-03-07 17:22:15,4,12,2.5,539.00,5,845362465,optimal,0,0.0110,204.0,204.0,0.0000,optimal,0,0.0422,204.0,204.0,0.0000
2026-03-07 17:22:15,4,16,2.5,466.00,1,3976916372,optimal,0,0.0110,360.0,360.0,0.0000,optimal,0,0.0710,360.0,360.0,0.0000
2026-03-07 17:22:15,4,16,2.5,555.00,2,3596309741,optimal,0,0.0135,330.0,330.0,0.0000,optimal,0,0.0900,330.0,330.0,0.0000
2026-03-07 17:22:15,4,16,2.5,544.00,3,3116364223,optimal,0,0.0125,376.0,376.0,0.0000,optimal,0,0.1145,376.0,376.0,0.0000
2026-03-07 17:22:15,4,16,2.5,475.00,4,2735757592,optimal,0,0.0130,333.0,333.0,0.0000,optimal,0,0.0865,333.0,333.0,0.0000
2026-03-07 17:22:15,4,16,2.5,499.00,5,108328426,optimal,0,0.0100,282.0,282.0,0.0000,optimal,0,0.0650,282.0,282.0,0.0000
2026-03-07 17:22:16,4,20,2.5,516.00,1,2063294006,optimal,0,0.0165,533.0,533.0,0.0000,optimal,0,0.1335,533.0,533.0,0.0000
2026-03-07 17:22:24,4,20,2.5,508.00,2,3730832136,completed,537110,5.4911,266.0,270.0,-4.0000,completed,33712,3.1290,266.0,270.0,-4.0000
2026-03-07 17:22:24,4,20,2.5,616.00,3,3350225505,optimal,0,0.0180,504.0,504.0,0.0000,optimal,0,0.1385,504.0,504.0,0.0000
2026-03-07 17:22:25,4,20,2.5,671.00,4,822135226,optimal,0,0.0160,282.0,282.0,0.0000,optimal,0,0.1365,282.0,282.0,0.0000
2026-03-07 17:22:30,4,20,2.5,587.00,5,2489673356,completed,1106729,5.3477,205.0,205.0,0.0000,completed,25851,0.3225,205.0,205.0,0.0000
2026-03-07 17:22:30,4,24,2.5,520.00,1,473321104,optimal,0,0.0180,520.0,520.0,0.0000,optimal,0,0.1798,520.0,520.0,0.0000
2026-03-07 17:22:31,4,24,2.5,622.00,2,2240198121,optimal,0,0.0190,377.0,377.0,0.0000,optimal,0,0.1870,377.0,377.0,0.0000
2026-03-07 17:22:31,4,24,2.5,610.00,3,1859591490,optimal,0,0.0200,624.0,624.0,0.0000,optimal,0,0.1915,624.0,624.0,0.0000
2026-03-07 17:22:31,4,24,2.5,451.00,4,3527129620,optimal,0,0.0150,376.0,376.0,0.0000,optimal,0,0.1500,376.0,376.0,0.0000
2026-03-07 17:22:31,4,24,2.5,620.00,5,3146522989,optimal,0,0.0170,440.0,440.0,0.0000,optimal,0,0.1880,440.0,440.0,0.0000
2026-03-07 17:22:31,6,4,2.5,716.00,1,1192361596,optimal,0,0.0070,196.0,196.0,0.0000,optimal,0,0.0130,196.0,196.0,0.0000
2026-03-07 17:22:31,6,4,2.5,1173.00,2,2859899726,completed,892,0.0980,144.0,144.0,0.0000,completed,572,0.1045,144.0,144.0,0.0000
2026-03-07 17:22:31,6,4,2.5,1102.00,3,331809447,optimal,0,0.0080,60.0,60.0,0.0000,optimal,0,0.0170,60.0,60.0,0.0000
2026-03-07 17:22:31,6,4,2.5,911.00,4,1999347577,optimal,0,0.0070,128.0,128.0,0.0000,optimal,0,0.0145,128.0,128.0,0.0000
2026-03-07 17:22:31,6,4,2.5,506.00,5,1618740946,optimal,0,0.0060,184.0,184.0,0.0000,optimal,0,0.0080,184.0,184.0,0.0000
2026-03-07 17:22:32,6,8,2.5,553.00,1,1326883991,optimal,0,0.0090,192.0,192.0,0.0000,optimal,0,0.0270,192.0,192.0,0.0000
2026-03-07 17:22:32,6,8,2.5,855.00,2,946277360,optimal,0,0.0150,162.0,162.0,0.0000,optimal,0,0.0486,162.0,162.0,0.0000
2026-03-07 17:22:32,6,8,2.5,946.00,3,565670729,optimal,0,0.0135,228.0,228.0,0.0000,optimal,0,0.0450,228.0,228.0,0.0000
2026-03-07 17:22:32,6,8,2.5,665.00,4,85725211,optimal,0,0.0110,250.0,250.0,0.0000,optimal,0,0.0395,250.0,250.0,0.0000
2026-03-07 17:22:32,6,8,2.5,487.00,5,4000085876,optimal,0,0.0090,225.0,225.0,0.0000,optimal,0,0.0290,225.0,225.0,0.0000
2026-03-07 17:22:32,6,12,2.5,813.00,1,1983733624,optimal,0,0.0235,476.0,476.0,0.0000,optimal,0,0.1320,476.0,476.0,0.0000
2026-03-07 17:22:32,6,12,2.5,1006.00,2,3750610641,optimal,0,0.0210,261.0,261.0,0.0000,optimal,0,0.1105,261.0,261.0,0.0000
2026-03-07 17:22:32,6,12,2.5,1002.00,3,1123181475,optimal,0,0.0190,150.0,150.0,0.0000,optimal,0,0.1085,150.0,150.0,0.0000
2026-03-07 17:22:32,6,12,2.5,648.00,4,742574844,optimal,0,0.0150,224.0,224.0,0.0000,optimal,0,0.0820,224.0,224.0,0.0000
2026-03-07 17:22:32,6,12,2.5,766.00,5,2410112974,optimal,0,0.0200,539.0,539.0,0.0000,optimal,0,0.1020,539.0,539.0,0.0000
2026-03-07 17:22:33,6,16,2.5,595.00,1,1246699585,optimal,0,0.0210,256.0,256.0,0.0000,optimal,0,0.1597,256.0,256.0,0.0000
2026-03-07 17:22:33,6,16,2.5,1075.00,2,866092954,optimal,0,0.0265,264.0,264.0,0.0000,optimal,0,0.2001,264.0,264.0,0.0000
2026-03-07 17:22:33,6,16,2.5,835.00,3,386147436,optimal,0,0.0250,432.0,432.0,0.0000,optimal,0,0.1964,432.0,432.0,0.0000
2026-03-07 17:22:42,6,16,2.5,1072.00,4,5540805,completed,1385822,7.8603,228.0,228.0,0.0000,completed,68310,1.4428,228.0,228.0,0.0000
2026-03-07 17:22:42,6,16,2.5,817.00,5,3919901470,optimal,0,0.0230,352.0,352.0,0.0000,optimal,0,0.1695,352.0,352.0,0.0000
2026-03-07 17:22:43,6,20,2.5,829.00,1,2583158602,optimal,0,0.0280,390.0,390.0,0.0000,optimal,0,0.2626,390.0,390.0,0.0000
2026-03-07 17:22:43,6,20,2.5,806.00,2,4250696732,optimal,0,0.0320,516.0,516.0,0.0000,optimal,0,0.2975,516.0,516.0,0.0000
2026-03-07 17:22:43,6,20,2.5,844.00,3,1722606453,optimal,0,0.0270,260.0,260.0,0.0000,optimal,0,0.2355,260.0,260.0,0.0000
2026-03-07 17:22:44,6,20,2.5,804.00,4,3390144583,optimal,0,0.0315,336.0,336.0,0.0000,optimal,0,0.3075,336.0,336.0,0.0000
2026-03-07 17:22:44,6,20,2.5,883.00,5,3009537952,optimal,0,0.0325,448.0,448.0,0.0000,optimal,0,0.3125,448.0,448.0,0.0000
2026-03-07 17:22:44,6,24,2.5,931.00,1,3140669348,optimal,0,0.0355,280.0,280.0,0.0000,optimal,0,0.3945,280.0,280.0,0.0000
2026-03-07 17:22:45,6,24,2.5,861.00,2,2760062717,optimal,0,0.0370,450.0,450.0,0.0000,optimal,0,0.4165,450.0,450.0,0.0000
2026-03-07 17:22:45,6,24,2.5,713.00,3,132633551,optimal,0,0.0285,330.0,330.0,0.0000,optimal,0,0.3065,330.0,330.0,0.0000
2026-03-07 17:36:43,6,24,2.5,655.00,4,4046994216,completed,46067096,812.5306,423.0,425.0,-2.0000,completed,373649,25.2229,423.0,425.0,-2.0000
2026-03-07 17:36:43,6,24,2.5,768.00,5,3567048698,optimal,0,0.0390,540.0,540.0,0.0000,optimal,0,0.4163,540.0,540.0,0.0000
2026-03-07 17:36:44,8,4,2.5,1310.00,1,3275870804,optimal,0,0.0190,270.0,270.0,0.0000,optimal,0,0.0370,270.0,270.0,0.0000
2026-03-07 17:36:44,8,4,2.5,1495.00,2,648441638,optimal,0,0.0130,123.0,123.0,0.0000,optimal,0,0.0235,123.0,123.0,0.0000
2026-03-07 17:36:44,8,4,2.5,935.00,3,267835007,optimal,0,0.0180,230.0,230.0,0.0000,optimal,0,0.0320,230.0,230.0,0.0000
2026-03-07 17:36:44,8,4,2.5,1285.00,4,4082856785,optimal,0,0.0120,111.0,111.0,0.0000,optimal,0,0.0220,111.0,111.0,0.0000
2026-03-07 17:36:44,8,4,2.5,770.00,5,3702250154,optimal,0,0.0175,470.0,470.0,0.0000,optimal,0,0.0290,470.0,470.0,0.0000
2026-03-07 17:36:44,8,8,2.5,782.00,1,1041427737,optimal,0,0.0210,410.0,410.0,0.0000,optimal,0,0.0745,410.0,410.0,0.0000
2026-03-07 17:36:44,8,8,2.5,1100.00,2,2808304754,optimal,0,0.0200,276.0,276.0,0.0000,optimal,0,0.0750,276.0,276.0,0.0000
2026-03-07 17:36:44,8,8,2.5,1165.00,3,180875588,optimal,0,0.0270,275.0,275.0,0.0000,optimal,0,0.0985,275.0,275.0,0.0000
2026-03-07 17:36:44,8,8,2.5,1112.00,4,4095236253,optimal,0,0.0260,441.0,441.0,0.0000,optimal,0,0.0945,441.0,441.0,0.0000
2026-03-07 17:36:44,8,8,2.5,1162.00,5,1467807087,optimal,0,0.0335,616.0,616.0,0.0000,optimal,0,0.2220,616.0,616.0,0.0000
2026-03-07 17:36:45,8,12,2.5,1231.00,1,356114572,optimal,0,0.0282,205.0,205.0,0.0000,optimal,0,0.1560,205.0,205.0,0.0000
2026-03-07 17:36:45,8,12,2.5,923.00,2,2023652702,optimal,0,0.0290,376.0,376.0,0.0000,optimal,0,0.1585,376.0,376.0,0.0000
2026-03-07 17:39:27,8,12,2.5,1041.00,3,1643046071,completed,585161,87.9254,290.0,290.0,0.0000,completed,47043,74.7526,290.0,290.0,0.0000
2026-03-07 17:39:28,8,12,2.5,1073.00,4,3310584201,optimal,0,0.0400,492.0,492.0,0.0000,optimal,0,0.2245,492.0,492.0,0.0000
2026-03-07 17:39:28,8,12,2.5,760.00,5,782493922,optimal,0,0.0250,294.0,294.0,0.0000,optimal,0,0.1315,294.0,294.0,0.0000
2026-03-07 17:39:28,8,16,2.5,980.00,1,3914047829,optimal,0,0.0440,504.0,504.0,0.0000,optimal,0,0.3660,504.0,504.0,0.0000
2026-03-07 17:57:36,8,16,2.5,992.00,2,3533441198,completed,54953773,1072.3847,238.0,238.0,0.0000,completed,421798,15.0727,238.0,238.0,0.0000
2026-03-07 19:00:11,8,16,2.5,1080.00,3,906012032,timeout,100557404,3700.6007,240.0,240.0,0.0000,completed,512957,54.9436,240.0,240.0,0.0000
2026-03-07 19:00:12,8,16,2.5,1351.00,4,525405401,optimal,0,0.0520,348.0,348.0,0.0000,optimal,0,0.3735,348.0,348.0,0.0000
2026-03-07 19:02:06,8,16,2.5,1195.00,5,2192943531,completed,814223,59.2007,396.0,396.0,0.0000,completed,149337,54.5988,396.0,396.0,0.0000
2026-03-07 19:34:41,8,20,2.5,964.00,1,3342588261,leaf_timeout,0,977.3927,,,0.0000,leaf_timeout,0,975.5578,,,0.0000
2026-03-07 19:34:41,8,20,2.5,935.00,2,2862642743,optimal,0,0.0485,540.0,540.0,0.0000,optimal,0,0.4258,540.0,540.0,0.0000
2026-03-07 19:34:42,8,20,2.5,1095.00,3,2482036112,optimal,0,0.0615,448.0,448.0,0.0000,optimal,0,0.6285,448.0,448.0,0.0000
2026-03-07 19:47:43,8,20,2.5,1127.00,4,4149574242,completed,9853591,424.4042,490.0,491.0,-1.0000,completed,442149,356.9652,490.0,491.0,-1.0000
2026-03-07 19:47:44,8,20,2.5,1097.00,5,3768967611,optimal,0,0.0480,240.0,240.0,0.0000,optimal,0,0.4890,240.0,240.0,0.0000
2026-03-07 19:47:45,8,24,2.5,1108.00,1,3900099007,optimal,0,0.0536,294.0,294.0,0.0000,optimal,0,0.6719,294.0,294.0,0.0000
2026-03-07 19:47:45,8,24,2.5,932.00,2,3519492376,optimal,0,0.0495,300.0,300.0,0.0000,optimal,0,0.6326,300.0,300.0,0.0000
2026-03-07 19:47:46,8,24,2.5,918.00,3,892063210,optimal,0,0.0410,360.0,360.0,0.0000,optimal,0,0.4635,360.0,360.0,0.0000
2026-03-07 19:47:47,8,24,2.5,995.00,4,2658940227,optimal,0,0.0535,420.0,420.0,0.0000,optimal,0,0.6303,420.0,420.0,0.0000
2026-03-07 19:47:47,8,24,2.5,1074.00,5,31511061,optimal,0,0.0565,396.0,396.0,0.0000,optimal,0,0.6929,396.0,396.0,0.0000
2026-03-07 19:47:47,10,4,2.5,1531.00,1,1548912865,optimal,0,0.0171,90.0,90.0,0.0000,optimal,0,0.0360,90.0,90.0,0.0000
2026-03-07 19:47:47,10,4,2.5,1212.00,2,1168306234,optimal,0,0.0200,294.0,294.0,0.0000,optimal,0,0.0385,294.0,294.0,0.0000
2026-03-07 19:47:47,10,4,2.5,1262.00,3,688360716,optimal,0,0.0180,150.0,150.0,0.0000,optimal,0,0.0370,150.0,150.0,0.0000
2026-03-07 19:47:48,10,4,2.5,1287.00,4,307754085,optimal,0,0.0150,164.0,164.0,0.0000,optimal,0,0.0315,164.0,164.0,0.0000
2026-03-07 19:47:48,10,4,2.5,918.00,5,4222114750,optimal,0,0.0230,470.0,470.0,0.0000,optimal,0,0.0420,470.0,470.0,0.0000
2026-03-07 19:47:48,10,8,2.5,1540.00,1,3124936945,optimal,0,0.0515,768.0,768.0,0.0000,optimal,0,0.1861,768.0,768.0,0.0000
2026-03-07 19:47:48,10,8,2.5,1131.00,2,497507779,optimal,0,0.0260,200.0,200.0,0.0000,optimal,0,0.0915,200.0,200.0,0.0000
2026-03-07 19:47:48,10,8,2.5,1046.00,3,2264384796,optimal,0,0.0270,180.0,180.0,0.0000,optimal,0,0.1075,180.0,180.0,0.0000
2026-03-07 19:47:48,10,8,2.5,1206.00,4,3931922926,optimal,0,0.0270,282.0,282.0,0.0000,optimal,0,0.0971,282.0,282.0,0.0000
2026-03-07 19:48:48,10,8,2.5,1956.00,5,3551316295,completed,650932,31.7028,170.0,170.0,0.0000,completed,51731,28.0501,170.0,170.0,0.0000
2026-03-07 21:52:54,10,12,2.5,1139.00,1,292140132,leaf_timeout,0,3757.5483,,,0.0000,leaf_timeout,0,3687.5642,,,0.0000
2026-03-07 22:03:27,10,12,2.5,1187.00,2,4107161910,completed,4942901,332.3862,360.0,360.0,0.0000,completed,233757,301.0861,360.0,360.0,0.0000
2026-03-07 22:03:27,10,12,2.5,1379.00,3,3726555279,optimal,0,0.0605,468.0,468.0,0.0000,optimal,0,0.3642,468.0,468.0,0.0000
2026-03-07 22:03:28,10,12,2.5,1210.00,4,1099126113,optimal,0,0.0435,248.0,248.0,0.0000,optimal,0,0.2400,248.0,248.0,0.0000
2026-03-07 22:03:28,10,12,2.5,1231.00,5,718519482,optimal,0,0.0400,282.0,282.0,0.0000,optimal,0,0.2350,282.0,282.0,0.0000
2026-03-07 22:03:29,10,16,2.5,1704.00,1,3850073389,optimal,0,0.0760,539.0,539.0,0.0000,optimal,0,0.6413,539.0,539.0,0.0000
2026-03-07 22:04:09,10,16,2.5,1604.00,2,1222644223,completed,5887781,37.0049,279.0,287.0,-8.0000,completed,204104,2.8157,279.0,287.0,-8.0000
2026-03-07 22:04:36,10,16,2.5,1490.00,3,2989521240,completed,3687177,23.9673,396.0,396.0,0.0000,completed,155429,3.5890,396.0,396.0,0.0000
2026-03-07 22:04:37,10,16,2.5,1426.00,4,2608914609,optimal,0,0.0630,342.0,342.0,0.0000,optimal,0,0.5130,342.0,342.0,0.0000
2026-03-07 23:45:17,10,16,2.5,1103.00,5,4276452739,leaf_timeout,0,1936.4562,,,0.0000,leaf_timeout,0,4103.3704,,,0.0000
2026-03-08 00:48:51,10,20,2.5,1273.00,1,3763113970,timeout,101979295,3786.0434,420.0,420.0,0.0000,completed,1249719,27.9108,420.0,420.0,0.0000
2026-03-08 00:48:52,10,20,2.5,1372.00,2,3382507339,optimal,0,0.0865,195.0,195.0,0.0000,optimal,0,0.9049,195.0,195.0,0.0000
2026-03-08 00:48:53,10,20,2.5,1425.00,3,755078173,optimal,0,0.0770,266.0,266.0,0.0000,optimal,0,0.8365,266.0,266.0,0.0000
2026-03-08 00:48:54,10,20,2.5,1597.00,4,374471542,optimal,0,0.0856,640.0,640.0,0.0000,optimal,0,0.8399,640.0,640.0,0.0000
2026-03-08 00:48:55,10,20,2.5,1603.00,5,2141348559,optimal,0,0.0855,490.0,490.0,0.0000,optimal,0,0.9232,490.0,490.0,0.0000
2026-03-08 00:48:56,10,24,2.5,1547.00,1,124996307,optimal,0,0.1005,544.0,544.0,0.0000,optimal,0,1.2545,544.0,544.0,0.0000
2026-03-08 00:48:58,10,24,2.5,1317.00,2,1792534437,optimal,0,0.0855,387.0,387.0,0.0000,optimal,0,1.1525,387.0,387.0,0.0000
2026-03-08 01:23:07,10,24,2.5,1492.00,3,3559411454,leaf_timeout,0,1023.1040,,,0.0000,leaf_timeout,0,1024.4923,,,0.0000
2026-03-08 01:23:08,10,24,2.5,1280.00,4,3178804823,optimal,0,0.0924,650.0,650.0,0.0000,optimal,0,1.1466,650.0,650.0,0.0000
2026-03-08 01:23:10,10,24,2.5,1329.00,5,551375657,optimal,0,0.0925,588.0,588.0,0.0000,optimal,0,1.1564,588.0,588.0,0.0000
2026-03-08 01:23:10,12,4,2.5,1717.00,1,3632422073,optimal,0,0.0270,230.0,230.0,0.0000,optimal,0,0.0560,230.0,230.0,0.0000
2026-03-08 01:23:10,12,4,2.5,2632.00,2,3251815442,optimal,0,0.0265,120.0,120.0,0.0000,optimal,0,0.0550,120.0,120.0,0.0000
2026-03-08 01:23:10,12,4,2.5,1777.00,3,624386276,optimal,0,0.0345,231.0,231.0,0.0000,optimal,0,0.0695,231.0,231.0,0.0000
2026-03-08 01:23:10,12,4,2.5,862.00,4,243779645,optimal,0,0.0285,320.0,320.0,0.0000,optimal,0,0.0490,320.0,320.0,0.0000
2026-03-08 01:23:10,12,4,2.5,2010.00,5,4058801423,optimal,0,0.0350,217.0,217.0,0.0000,optimal,0,0.0685,217.0,217.0,0.0000
2026-03-08 01:23:10,12,8,2.5,1702.00,1,1397979006,optimal,0,0.0520,342.0,342.0,0.0000,optimal,0,0.2165,342.0,342.0,0.0000
2026-03-08 01:23:10,12,8,2.5,1728.00,2,3164856023,optimal,0,0.0490,232.0,232.0,0.0000,optimal,0,0.1850,232.0,232.0,0.0000
2026-03-08 01:23:11,12,8,2.5,2103.00,3,2784249392,optimal,0,0.0415,110.0,110.0,0.0000,optimal,0,0.1595,110.0,110.0,0.0000
2026-03-08 01:23:11,12,8,2.5,1398.00,4,156820226,optimal,0,0.0405,240.0,240.0,0.0000,optimal,0,0.1700,240.0,240.0,0.0000
2026-03-08 02:16:53,12,8,2.5,1976.00,5,4071180891,leaf_timeout,0,1918.6525,,,0.0000,leaf_timeout,0,1299.3802,,,0.0000
2026-03-08 02:16:54,12,12,2.5,1702.00,1,4202312287,optimal,0,0.0765,288.0,288.0,0.0000,optimal,0,0.4668,288.0,288.0,0.0000
2026-03-08 02:16:54,12,12,2.5,1752.00,2,3821705656,optimal,0,0.0555,129.0,129.0,0.0000,optimal,0,0.3445,129.0,129.0,0.0000
2026-03-08 02:47:08,12,12,2.5,1697.00,3,1194276490,leaf_timeout,0,904.8060,,,0.0000,leaf_timeout,0,905.1012,,,0.0000
2026-03-08 02:47:08,12,12,2.5,1737.00,4,2961153507,optimal,0,0.0620,196.0,196.0,0.0000,optimal,0,0.3426,196.0,196.0,0.0000
2026-03-08 02:47:08,12,12,2.5,1792.00,5,333724341,optimal,0,0.0762,270.0,270.0,0.0000,optimal,0,0.4313,270.0,270.0,0.0000
2026-03-08 03:51:19,12,16,2.5,1515.00,1,74970689,timeout,108545950,3790.9604,234.0,234.0,0.0000,completed,7104158,59.3459,234.0,234.0,0.0000
2026-03-08 03:51:19,12,16,2.5,1713.00,2,3889992467,optimal,0,0.0845,336.0,336.0,0.0000,optimal,0,0.6495,336.0,336.0,0.0000
2026-03-08 03:51:20,12,16,2.5,1691.00,3,3509385836,optimal,0,0.0905,280.0,280.0,0.0000,optimal,0,0.6773,280.0,280.0,0.0000
2026-03-08 04:21:55,12,16,2.5,1867.00,4,881956670,leaf_timeout,0,917.2718,,,0.0000,leaf_timeout,0,917.8442,,,0.0000
2026-03-08 04:21:56,12,16,2.5,1875.00,5,501350039,optimal,0,0.1015,504.0,504.0,0.0000,optimal,0,0.8001,504.0,504.0,0.0000
2026-03-08 04:21:57,12,20,2.5,1528.00,1,3699139530,optimal,0,0.0935,344.0,344.0,0.0000,optimal,0,0.9523,344.0,344.0,0.0000
2026-03-08 04:21:59,12,20,2.5,1722.00,2,1171049251,optimal,0,0.1105,400.0,400.0,0.0000,optimal,0,1.1998,400.0,400.0,0.0000
2026-03-08 04:22:00,12,20,2.5,1522.00,3,2838587381,optimal,0,0.0945,224.0,224.0,0.0000,optimal,0,0.9270,224.0,224.0,0.0000
2026-03-08 04:22:01,12,20,2.5,1583.00,4,2457980750,optimal,0,0.1100,348.0,348.0,0.0000,optimal,0,1.1951,348.0,348.0,0.0000
2026-03-08 04:22:02,12,20,2.5,1912.00,5,4125518880,optimal,0,0.1090,286.0,286.0,0.0000,optimal,0,1.0082,286.0,286.0,0.0000
2026-03-08 04:22:03,12,24,2.5,1331.00,1,2208505515,optimal,0,0.0925,350.0,350.0,0.0000,optimal,0,1.1191,350.0,350.0,0.0000
2026-03-08 04:22:05,12,24,2.5,1468.00,2,3876043645,optimal,0,0.0985,276.0,276.0,0.0000,optimal,0,1.3020,276.0,276.0,0.0000
2026-03-08 05:38:14,12,24,2.5,1383.00,3,3495437014,leaf_timeout,0,2570.5611,,,0.0000,leaf_timeout,0,1995.4499,,,0.0000
2026-03-08 05:38:15,12,24,2.5,1827.00,4,3015491496,optimal,0,0.1290,288.0,288.0,0.0000,optimal,0,1.6251,288.0,288.0,0.0000
2026-03-08 05:38:17,12,24,2.5,1667.00,5,2634884865,optimal,0,0.1280,598.0,598.0,0.0000,optimal,0,1.5245,598.0,598.0,0.0000
